CV,Effect
1,-2813.57240603585
2,-2837.51891643927
3,-2903.00080460962
4,-3032.87354068737
5,-2831.8400295442
6,-2933.15263376758
7,-2931.93084826879
8,-2855.93744873349
