CV,Effect
1,2.71275765740066
2,2.6748256380921
3,2.68466216394932
4,2.70817172730854
5,2.6725616676929
6,2.66529619266952
7,2.70066515951532
8,2.70686652408185
