CV,Effect
1,31.6506519542818
2,31.8454543027456
3,31.8110464873243
4,31.8646351758071
5,31.9518929360311
6,31.735655031338
7,31.7638894483516
8,31.9697164165354
