CV,Effect
1,0.460724993371514
2,0.402127375284181
3,0.439318456949877
4,0.266096862604172
5,0.602358872159584
6,0.47393552517542
7,0.394717919066807
8,0.540735388036865
