CV,Effect
1,2.03617049993773
2,1.93364575043961
3,1.9910733620236
4,1.71137756615553
5,2.26141815577012
6,2.05784778440739
7,1.91609718172822
8,2.16498670947658
