CV,Effect
1,4.67396357696271
2,4.35949587462164
3,4.56472064443369
4,3.60189288029505
5,5.39098969900078
6,4.7407113072004
7,4.28435023904967
8,5.08184380106468
