CV,Effect
1,0.0842242202206762
2,0.0355889403454057
3,0.0658883504615915
4,-0.0667370488654342
5,0.184524317638079
6,0.0899378867652558
7,0.0352037874690723
8,0.137546583922813
