CV,Effect
1,-0.664365418584111
2,-0.696044030890107
3,-0.667885728385954
4,-0.778464291535556
5,-0.597867044196846
6,-0.661350766668875
7,-0.693954380531295
8,-0.62196981353236
