CV,Effect
1,9.85971807219903
2,9.51944836423354
3,9.74163618902094
4,8.58101849853483
5,10.8038703448547
6,9.97652613823811
7,9.38039517797733
8,10.4116123911735
