CV,Effect
1,1.28183326614499
2,1.23127325770929
3,1.26481038352313
4,1.10679718233814
5,1.41768840104987
6,1.29613397008598
7,1.21843447887795
8,1.36051594766195
