CV,Effect
1,0.120359321285207
2,0.112462134377211
3,0.116715614869008
4,0.0972255466336946
5,0.137062235704377
6,0.121642697260484
7,0.110644730693139
8,0.129701001481976
