CV,Effect
1,0.521872035682463
2,0.482709680959942
3,0.508110834464787
4,0.388383023648203
5,0.613889706899045
6,0.530351850883108
7,0.477538331270807
8,0.573807094821859
