CV,Effect
1,1.36640798006829
2,1.30160561845651
3,1.34411141597775
4,1.14325844638915
5,1.53297639901848
6,1.38340674416531
7,1.28783125686186
8,1.46208056869045
