CV,Effect
1,0.4807415446287
2,0.463939940147839
3,0.472123981209506
4,0.427593493936456
5,0.518436525487346
6,0.484688054073217
7,0.459737810659362
8,0.501158833603313
