CV,Effect
1,-67.8887824582926
2,-70.0856172098429
3,-71.0481105638173
4,-70.0796974913828
5,-68.9706759089313
6,-71.2433821142622
7,-78.4315738660371
8,-67.6460112996283
