CV,Effect
1,-150.024021175836
2,-151.293170790697
3,-151.945767281446
4,-150.709888542624
5,-149.888877439735
6,-152.54749107486
7,-158.370679682965
8,-148.934061183507
