CV,Effect
1,-0.244808773095201
2,-0.265335383693355
3,-0.248388325612041
4,-0.320184806388397
5,-0.195769843976905
6,-0.241022859959912
7,-0.264829143190582
8,-0.216144288262058
