CV,Effect
1,60.3251767259935
2,58.822582145207
3,58.0658757304845
4,59.8694972823068
5,59.3636853258286
6,58.4872240530312
7,56.3244631389753
8,59.855695231061
