CV,Effect
1,0.206537016199491
2,0.180237987480268
3,0.199149488371177
4,0.108045533418135
5,0.28976194345023
6,0.217460781449063
7,0.169536153366153
8,0.258183340500864
