CV,Effect
1,0.194917805030286
2,0.18735663041025
3,0.192064154145442
4,0.16549265706476
5,0.21852350134111
6,0.198856772257386
7,0.18502287081651
8,0.208672965021265
