CV,Effect
1,1.27568084328868
2,1.22974910934136
3,1.25970453483842
4,1.00554910358005
5,1.48516231516351
6,1.32775607048643
7,1.22970305090166
8,1.4171574934262
