CV,Effect
1,0.541415559355755
2,0.518279077565239
3,0.537513092043355
4,0.407498143136763
5,0.648221870877478
6,0.564099545752015
7,0.522817551279331
8,0.607295112267821
