CV,Effect
1,1.04674628279827
2,0.98522495531779
3,1.03000997714753
4,0.716301857460167
5,1.29587123613328
6,1.10137009560458
7,0.987802448056755
8,1.21071952347575
