CV,Effect
1,11.0266400995133
2,10.5443565522764
3,10.8558924231838
4,9.29105477434132
5,12.2617672327906
6,11.1672794127189
7,10.384672999382
8,11.7411331677395
