CV,Effect
1,2.13519402463317
2,2.04145949920803
3,2.09590682433372
4,1.78163764450164
5,2.40010746430744
6,2.1777662762297
7,2.00732003839312
8,2.28894300070624
