CV,Effect
1,0.524514446518197
2,0.511477763931794
3,0.519463630003884
4,0.472511977681506
5,0.565904102805348
6,0.531305683891219
7,0.511196270639971
8,0.548524094627851
