CV,Effect
1,-497.767945436761
2,-527.714599012397
3,-604.525391448289
4,-727.982571372762
5,-588.931216347031
6,-619.572801516391
7,-645.841052462347
8,-529.496928599663
