CV,Effect
1,-1.12142037466148
2,-1.14069606313981
3,-1.11485836201874
4,-1.21768353468203
5,-1.13589571635827
6,-1.14036648746732
7,-1.07218559583922
8,-1.12847127285979
