CV,Effect
1,18.1575561251721
2,18.3567169812759
3,18.2786463162429
4,18.3952294949922
5,18.3562018052635
6,18.2523552230614
7,18.2078427750439
8,18.3905367895131
