CV,Effect
1,-2809.84575789049
2,-2838.13675212022
3,-2909.42559798248
4,-3035.22441612184
5,-2866.11552463472
6,-2930.43476579338
7,-2941.65368828271
8,-2844.83585976716
