CV,Effect
1,-1.28057928226941
2,-1.29104551636064
3,-1.3037206274703
4,-1.24083462962658
5,-1.30024499037077
6,-1.29794510663027
7,-1.2852145982276
8,-1.26469459957119
