CV,Effect
1,1.06297898352886
2,0.9914981308184
3,1.01992734576697
4,0.845377996898605
5,1.22539507538477
6,1.07470972098417
7,1.0800156692876
8,1.15195365736781
