CV,Effect
1,-151.115098969836
2,-152.387760938116
3,-152.911558731386
4,-153.580681530555
5,-152.027363848028
6,-153.904905296164
7,-157.153254360834
8,-150.167218861097
