CV,Effect
1,9.43750532578633
2,8.91063092588956
3,9.11959170742557
4,7.74424427360282
5,10.6454928939638
6,9.53595362972555
7,9.55656307004756
8,10.1045783058507
