CV,Effect
1,-0.0546352295134511
2,-0.0775958658980471
3,-0.0668153449977353
4,-0.124375994295519
5,-0.00695054364871339
6,-0.0531523986268212
7,-0.0469082097049522
8,-0.028493169488911
