CV,Effect
1,-0.0600001506581975
2,-0.113385772832771
3,-0.0917842398748689
4,-0.209979722392745
5,0.0357986957346839
6,-0.0587118325720439
7,-0.0499609932649037
8,-0.011509590294736
