CV,Effect
1,0.606012215426176
2,0.586672017541332
3,0.591820590374823
4,0.554406769561638
5,0.642758509268901
6,0.60788709208714
7,0.608315272191135
8,0.624542213867471
