CV,Effect
1,0.206666804018255
2,0.197889893781451
3,0.200849050415513
4,0.184084697176672
5,0.223006196782876
6,0.207077710787871
7,0.207766137183455
8,0.215298012046958
