CV,Effect
1,8.11796928058902
2,7.74419787986699
3,7.88853266650767
4,6.87434020159708
5,9.04421472718604
6,8.20432271361278
7,8.20749038416761
8,8.63489940304498
