CV,Effect
1,0.921897208487053
2,0.897558112556226
3,0.908310598088974
4,0.801996491230057
5,1.03020817772358
6,0.940651881755684
7,0.966658422335286
8,0.985201900792617
