CV,Effect
1,0.977355414564045
2,0.921631348567644
3,0.94323500759765
4,0.807680339314174
5,1.1101689921552
6,0.987945964578103
7,0.990422536182905
8,1.05088907956178
