CV,Effect
1,-155.440373934151
2,-157.850630557485
3,-158.573676730419
4,-160.291263873034
5,-157.691498071377
6,-159.11381674085
7,-163.090360522518
8,-155.52952409006
