CV,Effect
1,0.371520874634825
2,0.32828485410073
3,0.34648822930194
4,0.239839756560968
5,0.460731838754555
6,0.376420678697968
7,0.381751122116839
8,0.41930001072933
