CV,Effect
1,0.0467806447932162
2,0.0180874355330616
3,0.0295308715301417
4,-0.0473414163416237
5,0.128187630418324
6,0.0560428764429162
7,0.0563912645768596
8,0.0956822099599322
