CV,Effect
1,3.39860490855608
2,3.29343090327711
3,3.32793793875771
4,3.05574790279752
5,3.65672724593423
6,3.42645017091218
7,3.44116162164391
8,3.54136467561329
