CV,Effect
1,0.63248023941037
2,0.618158851074099
3,0.623172000886598
4,0.582577946442143
5,0.673130351227655
6,0.637373937265352
7,0.642169478395658
8,0.6549474685512
