CV,Effect
1,-0.213608907744174
2,-0.247192116362839
3,-0.228096490719508
4,-0.318880243200965
5,-0.148822907395243
6,-0.212162552575819
7,-0.202225007998777
8,-0.173726070154771
