CV,Effect
1,26.9034858870218
2,25.3728617638189
3,24.7797228479394
4,25.3579858000448
5,25.5137593649779
6,25.0122046397228
7,23.7859889576248
8,26.3344754295467
