CV,Effect
1,2.51204391256306
2,2.44163407534688
3,2.47256636575548
4,2.20764525097911
5,2.75843388766134
6,2.55484199168313
7,2.59986347507493
8,2.66971114187709
