CV,Effect
1,3.19935682382493
2,3.08551585153782
3,3.12448725563354
4,2.88532700349242
5,3.41882098563838
6,3.20945643842879
7,3.22450148648113
8,3.31835350428901
