CV,Effect
1,2.63572599735016
2,2.58101731241914
3,2.60333123573946
4,2.38528257520284
5,2.8421099459556
6,2.67672318593395
7,2.71259236185051
8,2.77244385090671
