CV,Effect
1,3.35756344786932
2,3.01819816114948
3,3.16234617447662
4,2.30505398381683
5,4.05588319789786
6,3.40088424799069
7,3.4212714921814
8,3.73697801987873
