CV,Effect
1,0.33400818165228
2,0.269521449256899
3,0.29453437670827
4,0.143521800224789
5,0.470860933902259
6,0.341929353720843
7,0.350026882512338
8,0.407992570235365
