CV,Effect
1,0.31721455265108
2,0.30881126217588
3,0.311672262167519
4,0.288904000903074
5,0.340298338896503
6,0.320038228521923
7,0.321517648971849
8,0.330105482705846
