CV,Effect
1,-63.8135433444404
2,-63.2399456528765
3,-62.889317700392
4,-63.7084924485862
5,-62.794273435451
6,-63.8322128750879
7,-64.2267317007609
8,-62.8922537657672
