CV,Effect
1,-169.431896474598
2,-169.61171058537
3,-168.728646956384
4,-171.052290667816
5,-168.084386716793
6,-170.460020591032
7,-170.145726254712
8,-168.584323215997
