CV,Effect
1,8.32329111807822
2,8.51336933530699
3,8.10040834672934
4,7.95789993907935
5,8.11256306787443
6,8.08441064902179
7,7.96352651788163
8,8.59016151191285
