CV,Effect
1,-236.995856320296
2,-235.955048975069
3,-235.074109768189
4,-238.839730794803
5,-233.40106833211
6,-237.990840987099
7,-237.703468133812
8,-233.888551509051
