CV,Effect
1,-31.748276353188
2,-30.9909260359636
3,-30.4375327472771
4,-31.5718396345437
5,-29.7824285706956
6,-31.7938629999298
7,-30.2106356626209
8,-30.7481344155203
