CV,Effect
1,-399.349874312727
2,-399.858181027928
3,-398.350880772894
4,-401.370900827489
5,-394.804109073797
6,-403.808852899587
7,-398.984472457378
8,-396.174773542181
