CV,Effect
1,780.737239784256
2,780.566696143796
3,776.445767510952
4,787.556921663716
5,781.082519405703
6,782.785246835832
7,787.009033600756
8,783.576451432185
