CV,Effect
1,-35.5151002480779
2,-37.122104013084
3,-38.5610477572845
4,-37.7749126510753
5,-39.8597618654676
6,-38.0908333771513
7,-36.3807686493601
8,-38.9479488689685
