CV,Effect
1,-6554.74871811341
2,-6508.27723848843
3,-6494.52081968822
4,-6543.45364739839
5,-6503.83825658984
6,-6561.84578360408
7,-6596.056600173
8,-6492.28750889236
