CV,Effect
1,-127.119708986735
2,-125.864126631212
3,-125.169359393636
4,-128.101986294809
5,-124.919050841607
6,-127.557661826213
7,-128.127493120119
8,-125.199694052266
