CV,Effect
1,-4.56061209885229
2,-3.98932017029802
3,-3.9079291046437
4,-4.87439903385894
5,-3.79368790170702
6,-4.75048346169569
7,-5.2376896779424
8,-3.62446898671988
