CV,Effect
1,-153.895352999498
2,-153.498389254135
3,-153.014252461435
4,-155.069461166218
5,-152.581054057409
6,-154.72501794024
7,-154.655587407651
8,-152.380975895656
