CV,Effect
1,28.1409039412335
2,29.0428537243326
3,28.894987919002
4,28.4288606878847
5,28.017386843548
6,28.4181993081556
7,28.9198548526946
8,29.5423645190953
